{"cameraMode":{"drawMode":0,"name":"Shaded","section":"Shading Mode"},"sceneLighting":true,"audioPlay":false,"sceneViewState":{"showFog":true,"showMaterialUpdate":false,"showSkybox":true,"showFlares":true,"showImageEffects":true,"showParticleSystems":true},"in2DMode":false,"pivot":{"x":47.22372055053711,"y":0.854547381401062,"z":45.866455078125},"rotation":{"x":0.0022832059767097236,"y":0.9733000993728638,"z":-0.009026538580656052,"w":0.23010891675949098},"size":2.673866033554077,"orthographic":false}