{"cameraMode":{"drawMode":0,"name":"Shaded","section":"Shading Mode"},"sceneLighting":true,"audioPlay":false,"sceneViewState":{"showFog":true,"showMaterialUpdate":false,"showSkybox":true,"showFlares":true,"showImageEffects":true,"showParticleSystems":true},"in2DMode":false,"pivot":{"x":47.029754638671878,"y":1.056111216545105,"z":45.76512908935547},"rotation":{"x":0.004980599507689476,"y":0.995038628578186,"z":-0.06157871335744858,"w":0.08043275773525238},"size":4.773866176605225,"orthographic":false}