{"cameraMode":{"drawMode":0,"name":"Shaded","section":"Shading Mode"},"sceneLighting":true,"audioPlay":false,"sceneViewState":{"showFog":true,"showMaterialUpdate":false,"showSkybox":true,"showFlares":true,"showImageEffects":true,"showParticleSystems":true},"in2DMode":false,"pivot":{"x":47.22372055053711,"y":0.854547381401062,"z":45.866455078125},"rotation":{"x":0.0006511830142699182,"y":0.9889806509017944,"z":-0.003248062450438738,"w":0.14912796020507813},"size":4.3723464012146,"orthographic":false}