{"cameraMode":{"drawMode":0,"name":"Shaded","section":"Shading Mode"},"sceneLighting":false,"audioPlay":false,"sceneViewState":{"showFog":true,"showMaterialUpdate":false,"showSkybox":false,"showFlares":true,"showImageEffects":true,"showParticleSystems":true},"in2DMode":false,"pivot":{"x":3.530649185180664,"y":5.882771015167236,"z":16.12635040283203},"rotation":{"x":0.06724830716848374,"y":-0.8647318482398987,"z":0.12036297470331192,"w":0.4830353856086731},"size":19.205671310424806,"orthographic":false}